event_id,sensor_id,peak_value,peak_time
E3,1028,56.851528863342445,2025-06-03T14:43:14.594594595
