event_id,sensor_id,peak_value,peak_time
E3,565,14.81063663124751,2025-05-30T11:49:19.159159159
