event_id,sensor_id,peak_value,peak_time
E10,565,56.96348173647476,2025-05-07T15:54:42.882882883
