event_id,sensor_id,peak_value,peak_time
E4,1024,75.41810373620572,2025-05-02T17:49:49.189189189
