event_id,sensor_id,peak_value,peak_time
E3,568,17.639265917401527,2025-05-19T17:51:06.666666667
