event_id,sensor_id,peak_value,peak_time
E4,1024,16.13183919983107,2025-05-19T20:15:39.939939940
